new_subcategory,family,category,segment
PROTETOR AURICULAR,101-EPI,43-EQUIPAMENTOS,2-CASA E CONSTRUCAO
LIXA PROFISSIONAL,103-ACESSORIOS DE PINTURA,44-FERRAGENS E FERRAMENTAS,2-CASA E CONSTRUCAO
PINCEL,103-ACESSORIOS DE PINTURA,44-FERRAGENS E FERRAMENTAS,2-CASA E CONSTRUCAO
ROLO,103-ACESSORIOS DE PINTURA,44-FERRAGENS E FERRAMENTAS,2-CASA E CONSTRUCAO
CHAVE FERRAMENTA,105-FERRAMENTAS DE CONSTRUCAO E CARPINTARIA,44-FERRAGENS E FERRAMENTAS,2-CASA E CONSTRUCAO
BORRIFADOR/PULVERIZADOR,106-FERRAMENTAS DE JARDINAGEM,44-FERRAGENS E FERRAMENTAS,2-CASA E CONSTRUCAO
OUTRO,107-DIVERSOS HOME CENTER,45-DIVERSOS HOME CENTER,2-CASA E CONSTRUCAO
OVO,10-GRANJA,5-HORTIFRUTI (FLV),1-BENS DE CONSUMO
PASTILHA,110-PISOS E REVESTIMENTOS,46-ACABAMENTO,2-CASA E CONSTRUCAO
PISO,110-PISOS E REVESTIMENTOS,46-ACABAMENTO,2-CASA E CONSTRUCAO
CHUVEIROS E DUCHAS,111-CHUVEIROS E DUCHAS,47-BANHEIRO COZINHA E LAVANDERIA,2-CASA E CONSTRUCAO
ASSENTO SANITARIO,112-LOUCAS SANITARIAS,47-BANHEIRO COZINHA E LAVANDERIA,2-CASA E CONSTRUCAO
ACESSORIOS DE ELETRICA,115-ACESSORIOS DE ELETRICA,49-ELETRICA,2-CASA E CONSTRUCAO
SOQUETE,116-DUTOS E FIACAO,49-ELETRICA,2-CASA E CONSTRUCAO
INTERRUPTOR,118-QUADROS E INTERRUPTORES,49-ELETRICA,2-CASA E CONSTRUCAO
TOMADA,118-QUADROS E INTERRUPTORES,49-ELETRICA,2-CASA E CONSTRUCAO
LEGUMES,11-LEGUMES,5-HORTIFRUTI (FLV),1-BENS DE CONSUMO
RALO,122-CAIXAS E RESERVATORIOS,51-HIDRAULICA E GAS,2-CASA E CONSTRUCAO
TORNEIRA,123-REGISTROS E VALVULAS,51-HIDRAULICA E GAS,2-CASA E CONSTRUCAO
VALVULA DE GAS,123-REGISTROS E VALVULAS,51-HIDRAULICA E GAS,2-CASA E CONSTRUCAO
VEDA ROSCA,123-REGISTROS E VALVULAS,51-HIDRAULICA E GAS,2-CASA E CONSTRUCAO
MANGUEIRA DE GAS,124-TUBOS E CONEXOES,51-HIDRAULICA E GAS,2-CASA E CONSTRUCAO
 SIFAO,124-TUBOS E CONEXOES,51-HIDRAULICA E GAS,2-CASA E CONSTRUCAO
CORANTE DE PINTURA,125-TINTAS E SOLVENTES,52-PINTURA E VEDACAO,2-CASA E CONSTRUCAO
TINTA,125-TINTAS E SOLVENTES,52-PINTURA E VEDACAO,2-CASA E CONSTRUCAO
SILICONE DE VEDACAO,126-VEDACAO E IMPERMEABILIZACAO ,52-PINTURA E VEDACAO,2-CASA E CONSTRUCAO
OUTRA VERDURA,12-VERDURAS,5-HORTIFRUTI (FLV),1-BENS DE CONSUMO
ASPIRADOR,130-ELETROPORTATEIS CASA,54-ELETROPORTATEIS,3-ELETROMOVEIS
FERRO DE PASSAR,130-ELETROPORTATEIS CASA,54-ELETROPORTATEIS,3-ELETROMOVEIS
BATEDEIRA,131-ELETROPORTATEIS COZINHA,54-ELETROPORTATEIS,3-ELETROMOVEIS
CAFETEIRA,131-ELETROPORTATEIS COZINHA,54-ELETROPORTATEIS,3-ELETROMOVEIS
CHALEIRAELETRICA,131-ELETROPORTATEIS COZINHA,54-ELETROPORTATEIS,3-ELETROMOVEIS
ESPREMEDORDEFRUTAS,131-ELETROPORTATEIS COZINHA,54-ELETROPORTATEIS,3-ELETROMOVEIS
FORNOELETRICO,131-ELETROPORTATEIS COZINHA,54-ELETROPORTATEIS,3-ELETROMOVEIS
FRITADEIRAELETRICA,131-ELETROPORTATEIS COZINHA,54-ELETROPORTATEIS,3-ELETROMOVEIS
LIQUIDIFICADOR,131-ELETROPORTATEIS COZINHA,54-ELETROPORTATEIS,3-ELETROMOVEIS
MULTIPROCESSADOR,131-ELETROPORTATEIS COZINHA,54-ELETROPORTATEIS,3-ELETROMOVEIS
OMELETEIRA,131-ELETROPORTATEIS COZINHA,54-ELETROPORTATEIS,3-ELETROMOVEIS
PANELAELETRICA,131-ELETROPORTATEIS COZINHA,54-ELETROPORTATEIS,3-ELETROMOVEIS
PIPOQUEIRA,131-ELETROPORTATEIS COZINHA,54-ELETROPORTATEIS,3-ELETROMOVEIS
SANDUICHEIRA,131-ELETROPORTATEIS COZINHA,54-ELETROPORTATEIS,3-ELETROMOVEIS
CHAPINHA,132-ELETROPORTATEIS USO,54-ELETROPORTATEIS,3-ELETROMOVEIS
ESCOVASECADORA,132-ELETROPORTATEIS USO,54-ELETROPORTATEIS,3-ELETROMOVEIS
SECADOR,132-ELETROPORTATEIS USO,54-ELETROPORTATEIS,3-ELETROMOVEIS
FOGAO,133-APARELHOS DE COZINHA,55-LINHA BRANCA,3-ELETROMOVEIS
MICRO-ONDAS,133-APARELHOS DE COZINHA,55-LINHA BRANCA,3-ELETROMOVEIS
AQUECEDOR,134-CLIMATIZACAO,55-LINHA BRANCA,3-ELETROMOVEIS
AR CONDICIONADO,134-CLIMATIZACAO,55-LINHA BRANCA,3-ELETROMOVEIS
VENTILADOR,134-CLIMATIZACAO,55-LINHA BRANCA,3-ELETROMOVEIS
MAQUINA DE LAVAR,135-LAVANDERIA,55-LINHA BRANCA,3-ELETROMOVEIS
ACESSORIO,136-AUDIO,56-AUDIO E VIDEO,3-ELETROMOVEIS
ACESSORIO DE VIDEO,137-VIDEO,56-AUDIO E VIDEO,3-ELETROMOVEIS
TELEVISAO,137-VIDEO,56-AUDIO E VIDEO,3-ELETROMOVEIS
138-CELULARES E TELECOM CELULAR,138-CELULARES E TELECOM CELULAR,57-INFORMATICA E TELEFONIA,3-ELETROMOVEIS
OUTRO TELEFONIA,138-CELULARES E TELECOM ,57-INFORMATICA E TELEFONIA,3-ELETROMOVEIS
ACESSORIO DE INFORMATICA,139-INFORMATICA E PERIFERICOS,57-INFORMATICA E TELEFONIA,3-ELETROMOVEIS
CAIXA DE SOM,139-INFORMATICA E PERIFERICOS,57-INFORMATICA E TELEFONIA,3-ELETROMOVEIS
CARTUCHO DE IMPRESSAO,139-INFORMATICA E PERIFERICOS,57-INFORMATICA E TELEFONIA,3-ELETROMOVEIS
FONE DE OUVIDO,139-INFORMATICA E PERIFERICOS,57-INFORMATICA E TELEFONIA,3-ELETROMOVEIS
IMPRESSORA,139-INFORMATICA E PERIFERICOS,57-INFORMATICA E TELEFONIA,3-ELETROMOVEIS
MOUSE,139-INFORMATICA E PERIFERICOS,57-INFORMATICA E TELEFONIA,3-ELETROMOVEIS
OUTRO ACUCAR,13-ACUCAR,6-MERCEARIA,1-BENS DE CONSUMO
BANCO,142-COZINHA E AREA DE SERVICO ,60-AMBIENTES INTERNOS,3-ELETROMOVEIS
CADEIRA DE ESCRITORIO,143-OFFICE E HOME OFFICE,60-AMBIENTES INTERNOS,3-ELETROMOVEIS
ESTANTE,143-OFFICE E HOME OFFICE,60-AMBIENTES INTERNOS,3-ELETROMOVEIS
SUPORTE TV,145-SALA DE ESTAR,60-AMBIENTES INTERNOS,3-ELETROMOVEIS
OCULOS NATACAO,147-ARTIGOS DE PROTECAO,61-ARTIGOS ESPORTIVOS,4-FASHION E ESPORTIVO
BOLA,149-BOLAS E ACESSORIOS,61-ARTIGOS ESPORTIVOS,4-FASHION E ESPORTIVO
OUTRO AZEITE E OLEOS,14-AZEITE E OLEOS,6-MERCEARIA,1-BENS DE CONSUMO
COLCHAO/COLCHONETE,151-CAMPING CACA E PESCA,62-BEBIDAS LACTEAS,4-FASHION E ESPORTIVO
LENHA,151-CAMPING CACA E PESCA,62-BEBIDAS LACTEAS,4-FASHION E ESPORTIVO
 SACO DE DORMIR,151-CAMPING CACA E PESCA,62-BEBIDAS LACTEAS,4-FASHION E ESPORTIVO
CALCA,155-MODA FITNESS,63-VESTUARIO ESPORTIVO,4-FASHION E ESPORTIVO
LEGGING,155-MODA FITNESS,63-VESTUARIO ESPORTIVO,4-FASHION E ESPORTIVO
TOP,155-MODA FITNESS,63-VESTUARIO ESPORTIVO,4-FASHION E ESPORTIVO
TOUCA DE NATACAO,156-ROUPAS AQUATICAS,63-VESTUARIO ESPORTIVO,4-FASHION E ESPORTIVO
CAMISA TERMICA,157-ROUPAS FUNCIONAIS,63-VESTUARIO ESPORTIVO,4-FASHION E ESPORTIVO
CHAPEU,158-ACESSORIOS DE CABECA,64-ACESSORIOS FASHION,4-FASHION E ESPORTIVO
OUTRO ACESSORIO PARA CABELOS,158-ACESSORIOS DE CABECA,64-ACESSORIOS FASHION,4-FASHION E ESPORTIVO
PRESILHA,158-ACESSORIOS DE CABECA,64-ACESSORIOS FASHION,4-FASHION E ESPORTIVO
TIARA,158-ACESSORIOS DE CABECA,64-ACESSORIOS FASHION,4-FASHION E ESPORTIVO
CACHECOL,159-ACESSORIOS DE FRIO,64-ACESSORIOS FASHION,4-FASHION E ESPORTIVO
GORRO,159-ACESSORIOS DE FRIO,64-ACESSORIOS FASHION,4-FASHION E ESPORTIVO
LUVA,159-ACESSORIOS DE FRIO,64-ACESSORIOS FASHION,4-FASHION E ESPORTIVO
ALECRIM,15-CONDIMENTOS,6-MERCEARIA,1-BENS DE CONSUMO
BICARBONATO DE SODIO,15-CONDIMENTOS,6-MERCEARIA,1-BENS DE CONSUMO
CALDO INDUSTRIALIZADO,15-CONDIMENTOS,6-MERCEARIA,1-BENS DE CONSUMO
CANELA,15-CONDIMENTOS,6-MERCEARIA,1-BENS DE CONSUMO
COENTRO,15-CONDIMENTOS,6-MERCEARIA,1-BENS DE CONSUMO
COLORIFICO,15-CONDIMENTOS,6-MERCEARIA,1-BENS DE CONSUMO
CRAVO DA INDIA,15-CONDIMENTOS,6-MERCEARIA,1-BENS DE CONSUMO
CURRY,15-CONDIMENTOS,6-MERCEARIA,1-BENS DE CONSUMO
LOURO,15-CONDIMENTOS,6-MERCEARIA,1-BENS DE CONSUMO
MANJERICAO,15-CONDIMENTOS,6-MERCEARIA,1-BENS DE CONSUMO
OREGANO,15-CONDIMENTOS,6-MERCEARIA,1-BENS DE CONSUMO
OUTRO CONDIMENTO,15-CONDIMENTOS,6-MERCEARIA,1-BENS DE CONSUMO
SAL,15-CONDIMENTOS,6-MERCEARIA,1-BENS DE CONSUMO
TEMPERO PRONTO,15-CONDIMENTOS,6-MERCEARIA,1-BENS DE CONSUMO
BRINCO,160-JOIAS E BIJOUTERIA,64-ACESSORIOS FASHION,4-FASHION E ESPORTIVO
PULSEIRA/CORRENTE,160-JOIAS E BIJOUTERIA,64-ACESSORIOS FASHION,4-FASHION E ESPORTIVO
OCULOS,161-OTICA E RELOJOARIA,64-ACESSORIOS FASHION,4-FASHION E ESPORTIVO
BOTA,163-CALCADOS,65-CALCADOS,4-FASHION E ESPORTIVO
CHINELO,163-CALCADOS,65-CALCADOS,4-FASHION E ESPORTIVO
MEIA,163-CALCADOS,65-CALCADOS,4-FASHION E ESPORTIVO
PANTUFA,163-CALCADOS,65-CALCADOS,4-FASHION E ESPORTIVO
SAPATENIS,163-CALCADOS,65-CALCADOS,4-FASHION E ESPORTIVO
SAPATILHA,163-CALCADOS,65-CALCADOS,4-FASHION E ESPORTIVO
BODY INFANTIL,164-MODA BABY,66-VESTUARIO,4-FASHION E ESPORTIVO
MANTA INFANTIL,164-MODA BABY,66-VESTUARIO,4-FASHION E ESPORTIVO
CALCINHA,165-MODA INTIMA,66-VESTUARIO,4-FASHION E ESPORTIVO
CUECA,165-MODA INTIMA,66-VESTUARIO,4-FASHION E ESPORTIVO
PIJAMA,165-MODA INTIMA,66-VESTUARIO,4-FASHION E ESPORTIVO
SUTIA,165-MODA INTIMA,66-VESTUARIO,4-FASHION E ESPORTIVO
BLUSA,166-MODA INVERNO,66-VESTUARIO,4-FASHION E ESPORTIVO
CALCA,166-MODA INVERNO,66-VESTUARIO,4-FASHION E ESPORTIVO
CARDIGAN/SUETER,166-MODA INVERNO,66-VESTUARIO,4-FASHION E ESPORTIVO
COLETE,166-MODA INVERNO,66-VESTUARIO,4-FASHION E ESPORTIVO
JAQUETA,166-MODA INVERNO,66-VESTUARIO,4-FASHION E ESPORTIVO
MEIA CALCA,166-MODA INVERNO,66-VESTUARIO,4-FASHION E ESPORTIVO
OUTRA MODA PRAIA,167-MODA PRAIA,66-VESTUARIO,4-FASHION E ESPORTIVO
SOCIAL CAMISA,168-MODA SOCIAL,66-VESTUARIO,4-FASHION E ESPORTIVO
BERMUDA,169-MODA VERAO,66-VESTUARIO,4-FASHION E ESPORTIVO
CAMISA POLO,169-MODA VERAO,66-VESTUARIO,4-FASHION E ESPORTIVO
CAMISETA,169-MODA VERAO,66-VESTUARIO,4-FASHION E ESPORTIVO
REGATA,169-MODA VERAO,66-VESTUARIO,4-FASHION E ESPORTIVO
 SHORT,169-MODA VERAO,66-VESTUARIO,4-FASHION E ESPORTIVO
TOP,169-MODA VERAO,66-VESTUARIO,4-FASHION E ESPORTIVO
VESTIDO,169-MODA VERAO,66-VESTUARIO,4-FASHION E ESPORTIVO
AZEITONA,16-CONSERVAS,6-MERCEARIA,1-BENS DE CONSUMO
CONSERVA DOCE,16-CONSERVAS,6-MERCEARIA,1-BENS DE CONSUMO
ERVILHA EM CONSERVA,16-CONSERVAS,6-MERCEARIA,1-BENS DE CONSUMO
MILHO VERDE E ERVILHA EM CONSERVA,16-CONSERVAS,6-MERCEARIA,1-BENS DE CONSUMO
 MILHO VERDE EM CONSERVA,16-CONSERVAS,6-MERCEARIA,1-BENS DE CONSUMO
PALMITO,16-CONSERVAS,6-MERCEARIA,1-BENS DE CONSUMO
PROTEINA EM CONSERVA,16-CONSERVAS,6-MERCEARIA,1-BENS DE CONSUMO
VEGETAL EM CONSERVA,16-CONSERVAS,6-MERCEARIA,1-BENS DE CONSUMO
DOMESTICOS,16-UTENSILIOS,16-UTENSILIOS DOMESTICOS,1-BENS DE CONSUMO
AGUA OXIGENADA,170-CURATIVO E BANDAGENS ,67-ENFERMAGEM E INSTRUMENTACAO,5-HEALTHCARE
CURATIVO ADESIVO,170-CURATIVO E BANDAGENS ,67-ENFERMAGEM E INSTRUMENTACAO,5-HEALTHCARE
ESPARADRAPO,170-CURATIVO E BANDAGENS ,67-ENFERMAGEM E INSTRUMENTACAO,5-HEALTHCARE
GAZE,170-CURATIVO E BANDAGENS ,67-ENFERMAGEM E INSTRUMENTACAO,5-HEALTHCARE
SORO FISIOLOGICO,170-CURATIVO E BANDAGENS ,67-ENFERMAGEM E INSTRUMENTACAO,5-HEALTHCARE
AGULHA DESCARTAVEL,171-DESCARTAVEIS ,67-ENFERMAGEM E INSTRUMENTACAO,5-HEALTHCARE
LENCOL DESCARTAVEL,171-DESCARTAVEIS ,67-ENFERMAGEM E INSTRUMENTACAO,5-HEALTHCARE
SERINGA DESCARTAVEL,171-DESCARTAVEIS ,67-ENFERMAGEM E INSTRUMENTACAO,5-HEALTHCARE
LUVA DESCARTAVEL,173-VESTUARIO E PROTECAO ,67-ENFERMAGEM E INSTRUMENTACAO,5-HEALTHCARE
OUTRO CUIDADOS DIARIOS,174-CUIDADOS DIARIOS ,68-HOMECARE,5-HEALTHCARE
BOLSA TERMICA,174-CUIDADOS DIARIOS ,68-HOMECARE,5-HEALTHCARE
INALADOR,174-CUIDADOS DIARIOS ,68-HOMECARE,5-HEALTHCARE
TERMOMETRO,174-CUIDADOS DIARIOS ,68-HOMECARE,5-HEALTHCARE
CARRINHO,179-MOBILIARIO HOSPITALAR E CLINICO,69-HOSPITALARES E CLINICOS,5-HEALTHCARE
OUTRO DOCES,17-DOCES SALGADOS E BOMBONIERE,6-MERCEARIA,1-BENS DE CONSUMO
GOMA MASCAR,17-DOCES SALGADOS E BOMBONIERE,6-MERCEARIA,1-BENS DE CONSUMO
AMENDOIM,17-DOCES SALGADOS E BOMBONIERE,6-MERCEARIA,1-BENS DE CONSUMO
APERITIVO,17-DOCES SALGADOS E BOMBONIERE,6-MERCEARIA,1-BENS DE CONSUMO
BALA,17-DOCES SALGADOS E BOMBONIERE,6-MERCEARIA,1-BENS DE CONSUMO
BANANADA,17-DOCES SALGADOS E BOMBONIERE,6-MERCEARIA,1-BENS DE CONSUMO
BISCOITO,17-DOCES SALGADOS E BOMBONIERE,6-MERCEARIA,1-BENS DE CONSUMO
BOMBOM,17-DOCES SALGADOS E BOMBONIERE,6-MERCEARIA,1-BENS DE CONSUMO
BOMBOM ,17-DOCES SALGADOS E BOMBONIERE,6-MERCEARIA,1-BENS DE CONSUMO
CEREAL MATINAL,17-DOCES SALGADOS E BOMBONIERE,6-MERCEARIA,1-BENS DE CONSUMO
CHOCOLATE,17-DOCES SALGADOS E BOMBONIERE,6-MERCEARIA,1-BENS DE CONSUMO
CREME DE AVELA,17-DOCES SALGADOS E BOMBONIERE,6-MERCEARIA,1-BENS DE CONSUMO
DOCE DE AMENDOIM,17-DOCES SALGADOS E BOMBONIERE,6-MERCEARIA,1-BENS DE CONSUMO
GELEIA,17-DOCES SALGADOS E BOMBONIERE,6-MERCEARIA,1-BENS DE CONSUMO
GELEIA DE MOCOTO,17-DOCES SALGADOS E BOMBONIERE,6-MERCEARIA,1-BENS DE CONSUMO
GOIABADA,17-DOCES SALGADOS E BOMBONIERE,6-MERCEARIA,1-BENS DE CONSUMO
GOMA DE MASCAR,17-DOCES SALGADOS E BOMBONIERE,6-MERCEARIA,1-BENS DE CONSUMO
MEL,17-DOCES SALGADOS E BOMBONIERE,6-MERCEARIA,1-BENS DE CONSUMO
OUTRO DOCE,17-DOCES SALGADOS E BOMBONIERE,6-MERCEARIA,1-BENS DE CONSUMO
OVO DE PASCOA,17-DOCES SALGADOS E BOMBONIERE,6-MERCEARIA,1-BENS DE CONSUMO
PACOCA,17-DOCES SALGADOS E BOMBONIERE,6-MERCEARIA,1-BENS DE CONSUMO
PASTA DE AMENDOIM,17-DOCES SALGADOS E BOMBONIERE,6-MERCEARIA,1-BENS DE CONSUMO
PIPOCA PRONTA,17-DOCES SALGADOS E BOMBONIERE,6-MERCEARIA,1-BENS DE CONSUMO
PIRULITO,17-DOCES SALGADOS E BOMBONIERE,6-MERCEARIA,1-BENS DE CONSUMO
SUSPIRO,17-DOCES SALGADOS E BOMBONIERE,6-MERCEARIA,1-BENS DE CONSUMO
TORRADA,17-DOCES SALGADOS E BOMBONIERE,6-MERCEARIA,1-BENS DE CONSUMO
VEGETAL EM PALHA,17-DOCES SALGADOS E BOMBONIERE,6-MERCEARIA,1-BENS DE CONSUMO
CESTA DE PASCOA,17-DOCES SALGADOS E BOMBONIERE,6-MERCEARIA,1-BENS DE CONSUMO
DOCE DE NATAL,17-DOCES SALGADOS E BOMBONIERE,6-MERCEARIA,1-BENS DE CONSUMO
MARIA MOLE,17-DOCES SALGADOS E BOMBONIERE,6-MERCEARIA,1-BENS DE CONSUMO
OUTRO LUBRIFICANTE OU ADSTRINGENTE,182-PALIATIVOS LUBRIFICANTE OU ADSTRINGENTE,71-MEDICAMENTOS,5-HEALTHCARE
OUTRO FARMA,184-OUTROS FARMA,72-OUTROS FARMA,5-HEALTHCARE
ANALGESICO,186-PALIATIVO VETERINARIO ,73-SAUDE ANIMAL,5-HEALTHCARE
OUTRO FARINACEOS,18-FARINACEOS,6-MERCEARIA,1-BENS DE CONSUMO
MINERAL,190-TERAPEUTICO,74-SUPLEMENTOS,5-HEALTHCARE
OUTRO HEALTHCARE,191-OUTROS HEALTHCARE,75-OUTROS HEALTHCARE,5-HEALTHCARE
FISIOTERAPIA,196-TRATAMENTO E RECUPERACAO ,76-CLINICAS E LABORATORIOS,5-HEALTHCARE
ALIMENTO PRONTO DE BEBE,19-ALIMENTOS E FORMULAS INFANTIS,6-MERCEARIA,1-BENS DE CONSUMO
CEREAL INFANTIL OU FARINHA LACTEA,19-ALIMENTOS E FORMULAS INFANTIS,6-MERCEARIA,1-BENS DE CONSUMO
FORMULA LACTEA,19-ALIMENTOS E FORMULAS INFANTIS,6-MERCEARIA,1-BENS DE CONSUMO
QUENTES,19-CAFE CHA E BEBIDAS,19-CAFE CHA E BEBIDAS QUENTES,1-BENS DE CONSUMO
CARNE BOVINA,1-ACOUGUE ,1-ACOUGUE E PEIXARIA,1-BENS DE CONSUMO
CARNE DE AVE,1-ACOUGUE ,1-ACOUGUE E PEIXARIA,1-BENS DE CONSUMO
CARNE OVINA,1-ACOUGUE ,1-ACOUGUE E PEIXARIA,1-BENS DE CONSUMO
CARNE SUINA,1-ACOUGUE ,1-ACOUGUE E PEIXARIA,1-BENS DE CONSUMO
CHARQUE E CARNE SECA,1-ACOUGUE ,1-ACOUGUE E PEIXARIA,1-BENS DE CONSUMO
1-BENS DE CONSUMO,1-BENS DE CONSUMO,6-MERCEARIA,1-BENS DE CONSUMO
1-BENS DE CONSUMO,1-BENS DE CONSUMO,19-CAFE CHA E BEBIDAS QUENTES,1-BENS DE CONSUMO
COGUMELO,207-OUTROS HORTIFRUTI,5-HORTIFRUTI (FLV),1-BENS DE CONSUMO
NOZES CASTANHAS E OUTRAS OLEAGINOSAS,207-OUTROS HORTIFRUTI,5-HORTIFRUTI (FLV),1-BENS DE CONSUMO
MASSA FRESCA,208-RESFRIADOS ,8-PREPARADOS E CONGELADOS,1-BENS DE CONSUMO
OUTRO RESFRIADO,208-RESFRIADOS ,8-PREPARADOS E CONGELADOS,1-BENS DE CONSUMO
PATE,208-RESFRIADOS ,8-PREPARADOS E CONGELADOS,1-BENS DE CONSUMO
SOBREMESA PRONTA RESFRIADA,208-RESFRIADOS ,8-PREPARADOS E CONGELADOS,1-BENS DE CONSUMO
OUTRO AUTOMOTIVO,209-AUTOMOTIVO,81-AUTOMOTIVO,6-PETROQUIMICA
ARROZ,20-GRAOS,6-MERCEARIA,1-BENS DE CONSUMO
CANJICA,20-GRAOS,6-MERCEARIA,1-BENS DE CONSUMO
ERVILHA SECA,20-GRAOS,6-MERCEARIA,1-BENS DE CONSUMO
FEIJAO,20-GRAOS,6-MERCEARIA,1-BENS DE CONSUMO
GRAO DE BICO,20-GRAOS,6-MERCEARIA,1-BENS DE CONSUMO
LENTILHA,20-GRAOS,6-MERCEARIA,1-BENS DE CONSUMO
MILHO,20-GRAOS,6-MERCEARIA,1-BENS DE CONSUMO
MILHO PARA PIPOCA,20-GRAOS,6-MERCEARIA,1-BENS DE CONSUMO
OUTRO GRAO,20-GRAOS,6-MERCEARIA,1-BENS DE CONSUMO
PIPOCA PARA MICROONDAS,20-GRAOS,6-MERCEARIA,1-BENS DE CONSUMO
SAGU,20-GRAOS,6-MERCEARIA,1-BENS DE CONSUMO
SOJA,20-GRAOS,6-MERCEARIA,1-BENS DE CONSUMO
CADEIRA,210-OUTROS AMBIENTES,82-DEMAIS AMBIENTES,3-ELETROMOVEIS
BRINQUEDO,211-DEMAIS BRINQUEDOS,12-BRINQUEDOS,1-BENS DE CONSUMO
RATOEIRA,212-ARMADILHAS,42-DIVERSOS FERRAMENTAS E EQUIPAMENTOS,2-CASA E CONSTRUCAO
CORDA DE VARAL,213-LAVANDERIA ,47-BANHEIRO COZINHA E LAVANDERIA,2-CASA E CONSTRUCAO
PRENDEDOR DE ROUPA,213-LAVANDERIA ,47-BANHEIRO COZINHA E LAVANDERIA,2-CASA E CONSTRUCAO
VARAL,213-LAVANDERIA ,47-BANHEIRO COZINHA E LAVANDERIA,2-CASA E CONSTRUCAO
VARAL DE CORDA,213-LAVANDERIA ,47-BANHEIRO COZINHA E LAVANDERIA,2-CASA E CONSTRUCAO
PORTA ESCOVA DE DENTES,215-ORGANIZADORES ,13-DIVERSOS BAZAR E DEPARTAMENTOS,1-BENS DE CONSUMO
SABONETEIRA,215-ORGANIZADORES ,13-DIVERSOS BAZAR E DEPARTAMENTOS,1-BENS DE CONSUMO
BACALHAU A PESO,216-FIAMBRERIA E SALSICHARIA,3-FRIOS E LATICINIOS,1-BENS DE CONSUMO
MIX DE FRIOS,216-FIAMBRERIA E SALSICHARIA,3-FRIOS E LATICINIOS,1-BENS DE CONSUMO
PROTEINA FATIADA,216-FIAMBRERIA E SALSICHARIA,3-FRIOS E LATICINIOS,1-BENS DE CONSUMO
QUEIJO FATIADO,216-FIAMBRERIA E SALSICHARIA,3-FRIOS E LATICINIOS,1-BENS DE CONSUMO
SUINO SALGADO DEFUMADO,216-FIAMBRERIA E SALSICHARIA,3-FRIOS E LATICINIOS,1-BENS DE CONSUMO
OUTRO INATIVO,217-SWIFT CONGELADOS,8-PREPARADOS E CONGELADOS,1-BENS DE CONSUMO
MACARRAO,21-MASSAS,6-MERCEARIA,1-BENS DE CONSUMO
MASSA DE ARROZ,21-MASSAS,6-MERCEARIA,1-BENS DE CONSUMO
MASSA DE LASANHA,21-MASSAS,6-MERCEARIA,1-BENS DE CONSUMO
MASSA DE PIZZA,21-MASSAS,6-MERCEARIA,1-BENS DE CONSUMO
CREME DE LEITE,22-MERCEARIA LACTEA,6-MERCEARIA,1-BENS DE CONSUMO
LEITE CONDENSADO,22-MERCEARIA LACTEA,6-MERCEARIA,1-BENS DE CONSUMO
LEITE EM PO,22-MERCEARIA LACTEA,6-MERCEARIA,1-BENS DE CONSUMO
EXTRATO TOMATE,23-MOLHOS E TEMPEROS DE MESA,6-MERCEARIA,1-BENS DE CONSUMO
KETCHUP,23-MOLHOS E TEMPEROS DE MESA,6-MERCEARIA,1-BENS DE CONSUMO
KIT MOLHOS,23-MOLHOS E TEMPEROS DE MESA,6-MERCEARIA,1-BENS DE CONSUMO
MAIONESE,23-MOLHOS E TEMPEROS DE MESA,6-MERCEARIA,1-BENS DE CONSUMO
MOLHO BARBECUE,23-MOLHOS E TEMPEROS DE MESA,6-MERCEARIA,1-BENS DE CONSUMO
MOLHO INGLES,23-MOLHOS E TEMPEROS DE MESA,6-MERCEARIA,1-BENS DE CONSUMO
MOLHO PARA SALADA,23-MOLHOS E TEMPEROS DE MESA,6-MERCEARIA,1-BENS DE CONSUMO
MOLHO PIMENTA,23-MOLHOS E TEMPEROS DE MESA,6-MERCEARIA,1-BENS DE CONSUMO
MOLHO SHOYU,23-MOLHOS E TEMPEROS DE MESA,6-MERCEARIA,1-BENS DE CONSUMO
MOLHO TOMATE,23-MOLHOS E TEMPEROS DE MESA,6-MERCEARIA,1-BENS DE CONSUMO
MOSTARDA,23-MOLHOS E TEMPEROS DE MESA,6-MERCEARIA,1-BENS DE CONSUMO
OUTRO MOLHO,23-MOLHOS E TEMPEROS DE MESA,6-MERCEARIA,1-BENS DE CONSUMO
POLPA TOMATE,23-MOLHOS E TEMPEROS DE MESA,6-MERCEARIA,1-BENS DE CONSUMO
VINAGRE,23-MOLHOS E TEMPEROS DE MESA,6-MERCEARIA,1-BENS DE CONSUMO
ACHOCOLATADO,24-PREPAROS E COBERTURAS,6-MERCEARIA,1-BENS DE CONSUMO
CHOCOLATE EM PO,24-PREPAROS E COBERTURAS,6-MERCEARIA,1-BENS DE CONSUMO
COBERTURA PRONTA,24-PREPAROS E COBERTURAS,6-MERCEARIA,1-BENS DE CONSUMO
CORANTE ALIMENTAR,24-PREPAROS E COBERTURAS,6-MERCEARIA,1-BENS DE CONSUMO
DERIVADOS DO COCO SECO,24-PREPAROS E COBERTURAS,6-MERCEARIA,1-BENS DE CONSUMO
EMULSIFICANTE,24-PREPAROS E COBERTURAS,6-MERCEARIA,1-BENS DE CONSUMO
ESSENCIA ALIMENTAR,24-PREPAROS E COBERTURAS,6-MERCEARIA,1-BENS DE CONSUMO
GELATINA,24-PREPAROS E COBERTURAS,6-MERCEARIA,1-BENS DE CONSUMO
LEITE DE COCO,24-PREPAROS E COBERTURAS,6-MERCEARIA,1-BENS DE CONSUMO
MODIFICADORES DE LEITE,24-PREPAROS E COBERTURAS,6-MERCEARIA,1-BENS DE CONSUMO
OUTRO LACTEO,24-PREPAROS E COBERTURAS,6-MERCEARIA,1-BENS DE CONSUMO
PREPARO DE DOCE,24-PREPAROS E COBERTURAS,6-MERCEARIA,1-BENS DE CONSUMO
PREPARO PARA BOLO,24-PREPAROS E COBERTURAS,6-MERCEARIA,1-BENS DE CONSUMO
PREPARO PARA MARIA MOLE,24-PREPAROS E COBERTURAS,6-MERCEARIA,1-BENS DE CONSUMO
PREPARO PARA PUDIM,24-PREPAROS E COBERTURAS,6-MERCEARIA,1-BENS DE CONSUMO
PREPARO PARA SAGU,24-PREPAROS E COBERTURAS,6-MERCEARIA,1-BENS DE CONSUMO
PREPARO PARA SOPA,24-PREPAROS E COBERTURAS,6-MERCEARIA,1-BENS DE CONSUMO
PREPARO PARA SORVETE,24-PREPAROS E COBERTURAS,6-MERCEARIA,1-BENS DE CONSUMO
RECHEIO PRONTO,24-PREPAROS E COBERTURAS,6-MERCEARIA,1-BENS DE CONSUMO
PADARIA FRESCA,25-PADARIA E CONFEITARIA ,7-PADARIA E CONFEITARIA,1-BENS DE CONSUMO
PADARIA FRESCA,25-PADARIA E CONFEITARIA ,6-MERCEARIA,1-BENS DE CONSUMO
PADARIA INDUSTRIALIZADO,25-PADARIA E CONFEITARIA ,7-PADARIA E CONFEITARIA,1-BENS DE CONSUMO
PANIFICACAO NATAL,25-PADARIA E CONFEITARIA ,7-PADARIA E CONFEITARIA,1-BENS DE CONSUMO
PANIFICACAO PASCOA,25-PADARIA E CONFEITARIA ,7-PADARIA E CONFEITARIA,1-BENS DE CONSUMO
OUTRO COSMETICOS,26-COSMETICOS,28-PERFUMARIA,1-BENS DE CONSUMO
ALMONDEGA CONGELADA,28-CONGELADOS,8-PREPARADOS E CONGELADOS,1-BENS DE CONSUMO
BATATA CONGELADA,28-CONGELADOS,8-PREPARADOS E CONGELADOS,1-BENS DE CONSUMO
CARNE VEGETAL,28-CONGELADOS,8-PREPARADOS E CONGELADOS,1-BENS DE CONSUMO
EMPANADO CONGELADO,28-CONGELADOS,8-PREPARADOS E CONGELADOS,1-BENS DE CONSUMO
ESPETINHO CONGELADO,28-CONGELADOS,8-PREPARADOS E CONGELADOS,1-BENS DE CONSUMO
HAMBURGUER CONGELADO,28-CONGELADOS,8-PREPARADOS E CONGELADOS,1-BENS DE CONSUMO
LASANHA CONGELADA,28-CONGELADOS,6-MERCEARIA,1-BENS DE CONSUMO
MASSA DE PAO QUEIJO,28-CONGELADOS,8-PREPARADOS E CONGELADOS,1-BENS DE CONSUMO
OUTRO CONGELADO,28-CONGELADOS,8-PREPARADOS E CONGELADOS,1-BENS DE CONSUMO
OUTRO CONGELADOD,28-CONGELADOS,8-PREPARADOS E CONGELADOS,1-BENS DE CONSUMO
PETISCO E SALGADINHO CONGELADO,28-CONGELADOS,8-PREPARADOS E CONGELADOS,1-BENS DE CONSUMO
PIZZA CONGELADA,28-CONGELADOS,8-PREPARADOS E CONGELADOS,1-BENS DE CONSUMO
POLPA DE FRUTA CONGELADA,28-CONGELADOS,8-PREPARADOS E CONGELADOS,1-BENS DE CONSUMO
PROTEINA CONGELADA,28-CONGELADOS,8-PREPARADOS E CONGELADOS,1-BENS DE CONSUMO
SANDUICHE CONGELADO,28-CONGELADOS,8-PREPARADOS E CONGELADOS,1-BENS DE CONSUMO
VEGETAL CONGELADO,28-CONGELADOS,8-PREPARADOS E CONGELADOS,1-BENS DE CONSUMO
PRATO PRONTO,29-REFEICOES PRONTAS,8-PREPARADOS E CONGELADOS,1-BENS DE CONSUMO
OUTRO CASA E CONTRUCAO,2-CASA E CONSTRUCAO,43-EQUIPAMENTOS,2-CASA E CONSTRUCAO
OUTRO FRUTO DO MAR,2-FRUTOS DO MAR ,1-ACOUGUE E PEIXARIA,1-BENS DE CONSUMO
OUTRO SORVETES E SOBREMESAS,30-SORVETES E SOBREMESAS ,8-PREPARADOS E CONGELADOS,1-BENS DE CONSUMO
ACAI,30-SORVETES E SOBREMESAS ,8-PREPARADOS E CONGELADOS,1-BENS DE CONSUMO
PICOLE,30-SORVETES E SOBREMESAS ,8-PREPARADOS E CONGELADOS,1-BENS DE CONSUMO
SORVETE,30-SORVETES E SOBREMESAS ,8-PREPARADOS E CONGELADOS,1-BENS DE CONSUMO
SORVETE SORV,30-SORVETES E SOBREMESAS ,8-PREPARADOS E CONGELADOS,1-BENS DE CONSUMO
OUTRO HIGIENE PESSOAL,,31-HIGIENE PESSOAL,1-BENS DE CONSUMO
NECESSAIRE,32-ACESSORIOS DE VIAGEM ,10-ARTIGOS DE VIAGEM,1-BENS DE CONSUMO
OUTRO PRODUTOS DE LIMPEZA,,32-PRODUTOS DE LIMPEZA,1-BENS DE CONSUMO
ACENDEDOR,34-ARTIGOS PARA CHURRASCO ,11-ARTIGOS PARA LAZER,1-BENS DE CONSUMO
CAIXA TERMICA,34-ARTIGOS PARA CHURRASCO ,11-ARTIGOS PARA LAZER,1-BENS DE CONSUMO
CARVAO,34-ARTIGOS PARA CHURRASCO ,11-ARTIGOS PARA LAZER,1-BENS DE CONSUMO
ESPETO,34-ARTIGOS PARA CHURRASCO ,11-ARTIGOS PARA LAZER,1-BENS DE CONSUMO
ESPETO DESCARTAVEL,34-ARTIGOS PARA CHURRASCO ,11-ARTIGOS PARA LAZER,1-BENS DE CONSUMO
TABUA DE CORTE,34-ARTIGOS PARA CHURRASCO ,11-ARTIGOS PARA LAZER,1-BENS DE CONSUMO
ADESIVO,35-ARTIGOS PARA FESTA,11-ARTIGOS PARA LAZER,1-BENS DE CONSUMO
BALAO,35-ARTIGOS PARA FESTA,11-ARTIGOS PARA LAZER,1-BENS DE CONSUMO
CANUDO,35-ARTIGOS PARA FESTA,11-ARTIGOS PARA LAZER,1-BENS DE CONSUMO
COPO DESCARTAVEL,35-ARTIGOS PARA FESTA,11-ARTIGOS PARA LAZER,1-BENS DE CONSUMO
EMBALAGEM DE PRESENTE,35-ARTIGOS PARA FESTA,11-ARTIGOS PARA LAZER,1-BENS DE CONSUMO
FORMA CULINARIA,35-ARTIGOS PARA FESTA,11-ARTIGOS PARA LAZER,1-BENS DE CONSUMO
GUARDANAPO,35-ARTIGOS PARA FESTA,11-ARTIGOS PARA LAZER,1-BENS DE CONSUMO
OUTRO ARTIGO DE,35-ARTIGOS PARA FESTA,11-ARTIGOS PARA LAZER,1-BENS DE CONSUMO
PRATO DESCARTAVEL,35-ARTIGOS PARA FESTA,11-ARTIGOS PARA LAZER,1-BENS DE CONSUMO
TALHER DESCARTAVEL,35-ARTIGOS PARA FESTA,11-ARTIGOS PARA LAZER,1-BENS DE CONSUMO
VELA COMEMORATIVA,35-ARTIGOS PARA FESTA,11-ARTIGOS PARA LAZER,1-BENS DE CONSUMO
CADEIRA DE PRAIA,36-OUTROS ARTIGOS PARA LAZER ,11-ARTIGOS PARA LAZER,1-BENS DE CONSUMO
MASSA DE MODELAR,37-ARTES E ATIVIDADES,12-BRINQUEDOS,1-BENS DE CONSUMO
BONECA,38-BONECAS E BONECOS,12-BRINQUEDOS,1-BENS DE CONSUMO
BONECO,38-BONECAS E BONECOS,12-BRINQUEDOS,1-BENS DE CONSUMO
PELUCIA,38-BONECAS E BONECOS,12-BRINQUEDOS,1-BENS DE CONSUMO
OUTRO ELETROMOVEIS,3-ELETROMOVEIS,54-ELETROPORTATEIS,3-ELETROMOVEIS
OUTRO FRIOS E LATICINIOS,,3-FRIOS E LATICINIOS,1-BENS DE CONSUMO
BACALHAU CONGELADO,3-PEIXARIA ,1-ACOUGUE E PEIXARIA,1-BENS DE CONSUMO
PEIXE,3-PEIXARIA ,1-ACOUGUE E PEIXARIA,1-BENS DE CONSUMO
CARRINHO,40-CARRINHOS E AUTORAMAS ,12-BRINQUEDOS,1-BENS DE CONSUMO
OUTRO JOGOS,42-JOGOS,12-BRINQUEDOS,1-BENS DE CONSUMO
ARTIGO DE NATAL,44-DIVERSOS BAZAR E DEPARTAMENTOS,13-DIVERSOS BAZAR E DEPARTAMENTOS,1-BENS DE CONSUMO
CABIDE,44-DIVERSOS BAZAR E DEPARTAMENTOS,13-DIVERSOS BAZAR E DEPARTAMENTOS,1-BENS DE CONSUMO
CAIXA ORGANIZADORA,44-DIVERSOS BAZAR E DEPARTAMENTOS,13-DIVERSOS BAZAR E DEPARTAMENTOS,1-BENS DE CONSUMO
CESTA BASICA,44-DIVERSOS BAZAR E DEPARTAMENTOS,13-DIVERSOS BAZAR E DEPARTAMENTOS,1-BENS DE CONSUMO
CIGARRO,44-DIVERSOS BAZAR E DEPARTAMENTOS,13-DIVERSOS BAZAR E DEPARTAMENTOS,1-BENS DE CONSUMO
DESCONHECIDO,44-DIVERSOS BAZAR E DEPARTAMENTOS,13-DIVERSOS BAZAR E DEPARTAMENTOS,1-BENS DE CONSUMO
GUARDA-CHUVA,44-DIVERSOS BAZAR E DEPARTAMENTOS,13-DIVERSOS BAZAR E DEPARTAMENTOS,1-BENS DE CONSUMO
INSUMO,44-DIVERSOS BAZAR E DEPARTAMENTOS,13-DIVERSOS BAZAR E DEPARTAMENTOS,1-BENS DE CONSUMO
ISQUEIRO,44-DIVERSOS BAZAR E DEPARTAMENTOS,13-DIVERSOS BAZAR E DEPARTAMENTOS,1-BENS DE CONSUMO
ITENS COM PROBLEMA,44-DIVERSOS BAZAR E DEPARTAMENTOS,13-DIVERSOS BAZAR E DEPARTAMENTOS,1-BENS DE CONSUMO
JORNAL,44-DIVERSOS BAZAR E DEPARTAMENTOS,13-DIVERSOS BAZAR E DEPARTAMENTOS,1-BENS DE CONSUMO
LIVRO/REVISTA,44-DIVERSOS BAZAR E DEPARTAMENTOS,13-DIVERSOS BAZAR E DEPARTAMENTOS,1-BENS DE CONSUMO
OUTRO,44-DIVERSOS BAZAR E DEPARTAMENTOS,13-DIVERSOS BAZAR E DEPARTAMENTOS,1-BENS DE CONSUMO
PILHA,44-DIVERSOS BAZAR E DEPARTAMENTOS,13-DIVERSOS BAZAR E DEPARTAMENTOS,1-BENS DE CONSUMO
PRODUTO SAZONAL,44-DIVERSOS BAZAR E DEPARTAMENTOS,13-DIVERSOS BAZAR E DEPARTAMENTOS,1-BENS DE CONSUMO
SACOLA DESCARTAVEL,44-DIVERSOS BAZAR E DEPARTAMENTOS,13-DIVERSOS BAZAR E DEPARTAMENTOS,1-BENS DE CONSUMO
GRAMPO,45-ARTIGOS DE ESCRITORIO,14-ESCOLAR E ESCRITORIO,1-BENS DE CONSUMO
PASTA,45-ARTIGOS DE ESCRITORIO,14-ESCOLAR E ESCRITORIO,1-BENS DE CONSUMO
ESTOJO,46-ARTIGOS ESCOLARES,14-ESCOLAR E ESCRITORIO,1-BENS DE CONSUMO
GIZ,46-ARTIGOS ESCOLARES,14-ESCOLAR E ESCRITORIO,1-BENS DE CONSUMO
MOCHILA ESCOLAR,46-ARTIGOS ESCOLARES,14-ESCOLAR E ESCRITORIO,1-BENS DE CONSUMO
TINTA ESCOLAR,46-ARTIGOS ESCOLARES,14-ESCOLAR E ESCRITORIO,1-BENS DE CONSUMO
PAPELARIA,47-PAPELARIA,14-ESCOLAR E ESCRITORIO,1-BENS DE CONSUMO
CAVAQUINHO,48-CORDA,15-INSTRUMENTOS MUSICAIS,1-BENS DE CONSUMO
BATERIA,49-PERCURSAO,15-INSTRUMENTOS MUSICAIS,1-BENS DE CONSUMO
PRATO,49-PERCURSAO,15-INSTRUMENTOS MUSICAIS,1-BENS DE CONSUMO
CARNE DE AVE SAZONAL,4-SAZONAIS ,1-ACOUGUE E PEIXARIA,1-BENS DE CONSUMO
CARNE SUINA SAZONAL,4-SAZONAIS ,1-ACOUGUE E PEIXARIA,1-BENS DE CONSUMO
OUTRO SAZONAL,4-SAZONAIS ,1-ACOUGUE E PEIXARIA,1-BENS DE CONSUMO
ASSADEIRA,52-ACESSORIOS COZINHA ASSADEIRA,16-UTENSILIOS DOMESTICOS,1-BENS DE CONSUMO
CANECA,52-ACESSORIOS COZINHA CANECA,16-UTENSILIOS DOMESTICOS,1-BENS DE CONSUMO
COPO,52-ACESSORIOS COZINHA COPO,16-UTENSILIOS DOMESTICOS,1-BENS DE CONSUMO
GARRAFA TERMICA,52-ACESSORIOS COZINHA GARRAFA TERMICA,16-UTENSILIOS DOMESTICOS,1-BENS DE CONSUMO
OUTRO UTENSILIO DE,52-ACESSORIOS COZINHA OUTRO UTENSILIO DE,16-UTENSILIOS DOMESTICOS,1-BENS DE CONSUMO
PANELA,52-ACESSORIOS COZINHA PANELA,16-UTENSILIOS DOMESTICOS,1-BENS DE CONSUMO
PANELA DE PRESSAO,52-ACESSORIOS COZINHA PANELA DE PRESSAO,16-UTENSILIOS DOMESTICOS,1-BENS DE CONSUMO
RECIPIENTE PLASTICO,52-ACESSORIOS COZINHA RECIPIENTE PLASTICO,16-UTENSILIOS DOMESTICOS,1-BENS DE CONSUMO
RECIPIENTE VIDRO,52-ACESSORIOS COZINHA RECIPIENTE VIDRO,16-UTENSILIOS DOMESTICOS,1-BENS DE CONSUMO
SACOLA TERMICA,52-ACESSORIOS COZINHA SACOLA TERMICA,16-UTENSILIOS DOMESTICOS,1-BENS DE CONSUMO
TACA,52-ACESSORIOS COZINHA TACA,16-UTENSILIOS DOMESTICOS,1-BENS DE CONSUMO
TALHER,52-ACESSORIOS COZINHA TALHER,16-UTENSILIOS DOMESTICOS,1-BENS DE CONSUMO
 COADOR DE PAPEL,53-DESCARTAVEIS CASA,16-UTENSILIOS DOMESTICOS,1-BENS DE CONSUMO
 FOLHA DE ALUMINIO,53-DESCARTAVEIS CASA,16-UTENSILIOS DOMESTICOS,1-BENS DE CONSUMO
 FOSFORO,53-DESCARTAVEIS CASA,16-UTENSILIOS DOMESTICOS,1-BENS DE CONSUMO
 OUTRO DESCARTAVEL DE,53-DESCARTAVEIS CASA,16-UTENSILIOS DOMESTICOS,1-BENS DE CONSUMO
 PALITO DE DENTES,53-DESCARTAVEIS CASA,16-UTENSILIOS DOMESTICOS,1-BENS DE CONSUMO
 PAPEL MANTEIGA,53-DESCARTAVEIS CASA,16-UTENSILIOS DOMESTICOS,1-BENS DE CONSUMO
 PAPEL PARA ASSAR,53-DESCARTAVEIS CASA,16-UTENSILIOS DOMESTICOS,1-BENS DE CONSUMO
 PAPEL TOALHA,53-DESCARTAVEIS CASA,16-UTENSILIOS DOMESTICOS,1-BENS DE CONSUMO
 PLASTICO FILME,53-DESCARTAVEIS CASA,16-UTENSILIOS DOMESTICOS,1-BENS DE CONSUMO
 PROTETOR DE FOGAO,53-DESCARTAVEIS CASA,16-UTENSILIOS DOMESTICOS,1-BENS DE CONSUMO
 SACO PARA ALIMENTO,53-DESCARTAVEIS CASA,16-UTENSILIOS DOMESTICOS,1-BENS DE CONSUMO
 SACO PARA ASSAR,53-DESCARTAVEIS CASA,16-UTENSILIOS DOMESTICOS,1-BENS DE CONSUMO
VELA,53-DESCARTAVEIS CASA,16-UTENSILIOS DOMESTICOS,1-BENS DE CONSUMO
AGUA,54-AGUA,17-AGUA MINERAL,1-BENS DE CONSUMO
AGUA TONICA,54-AGUA,17-AGUA MINERAL,1-BENS DE CONSUMO
GELO,54-AGUA,17-AGUA MINERAL,1-BENS DE CONSUMO
CERVEJA,55-CERVEJAS,18-BEBIDAS ALCOOLICAS,1-BENS DE CONSUMO
WHISKY,56-DESTILADOS,18-BEBIDAS ALCOOLICAS,1-BENS DE CONSUMO
BEBIDA MISTA,56-DESTILADOS,18-BEBIDAS ALCOOLICAS,1-BENS DE CONSUMO
CACHACA,56-DESTILADOS,18-BEBIDAS ALCOOLICAS,1-BENS DE CONSUMO
CONHAQUE,56-DESTILADOS,18-BEBIDAS ALCOOLICAS,1-BENS DE CONSUMO
GIN,56-DESTILADOS,18-BEBIDAS ALCOOLICAS,1-BENS DE CONSUMO
LICOR,56-DESTILADOS,18-BEBIDAS ALCOOLICAS,1-BENS DE CONSUMO
OUTRO DESTILADO,56-DESTILADOS,18-BEBIDAS ALCOOLICAS,1-BENS DE CONSUMO
RUM,56-DESTILADOS,18-BEBIDAS ALCOOLICAS,1-BENS DE CONSUMO
TEQUILA,56-DESTILADOS,18-BEBIDAS ALCOOLICAS,1-BENS DE CONSUMO
VODCA,56-DESTILADOS,18-BEBIDAS ALCOOLICAS,1-BENS DE CONSUMO
ERVA MATE,57-BEBIDAS QUENTES,19-CAFE CHA E BEBIDAS QUENTES,1-BENS DE CONSUMO
PREPARO CAPPUCCINO,57-BEBIDAS QUENTES,19-CAFE CHA E BEBIDAS QUENTES,1-BENS DE CONSUMO
CAFÉ,58-CAFÉ,19-CAFE CHA E BEBIDAS QUENTES,1-BENS DE CONSUMO
CHA POR INFUSAO,59-CHAS,19-CAFE CHA E BEBIDAS QUENTES,1-BENS DE CONSUMO
CHA PRONTO,59-CHAS,19-CAFE CHA E BEBIDAS QUENTES,1-BENS DE CONSUMO
OUTRO HEALTHCARE,5-HEALTHCARE,69-HOSPITALARES E CLINICOS,5-HEALTHCARE
OUTRA BEBIDA,60-DIVERSOS BEBIDAS,20-DIVERSOS BEBIDAS,1-BENS DE CONSUMO
OUTRAS BEBIDAS,60-DIVERSOS BEBIDAS,20-DIVERSOS BEBIDAS,1-BENS DE CONSUMO
ENERGETICO,61-ENERGETICOS E ISOTONICOS ,21-ENERGETICOS E ISOTONICOS,1-BENS DE CONSUMO
ISOTONICO,61-ENERGETICOS E ISOTONICOS ,21-ENERGETICOS E ISOTONICOS,1-BENS DE CONSUMO
OUTRO BEBIDAS LACTEAS,62-BEBIDAS LACTEAS,22-LACTEOS,1-BENS DE CONSUMO
REFRIGERANTE,63-REFRIGERANTES,23-REFRIGERANTES,1-BENS DE CONSUMO
REFRIGERANTE,63-REFRIGERANTES ,23-REFRIGERANTES,1-BENS DE CONSUMO
AGUA DE COCO,64-SUCOS E REFRESCOS,24-SUCOS E REFRESCOS,1-BENS DE CONSUMO
BEBIDA DE SOJA,64-SUCOS E REFRESCOS,24-SUCOS E REFRESCOS,1-BENS DE CONSUMO
PREPARO PARA SUCO,64-SUCOS E REFRESCOS,24-SUCOS E REFRESCOS,1-BENS DE CONSUMO
REFRESCO,64-SUCOS E REFRESCOS,24-SUCOS E REFRESCOS,1-BENS DE CONSUMO
SUCO PRONTO,64-SUCOS E REFRESCOS,24-SUCOS E REFRESCOS,1-BENS DE CONSUMO
XAROPE,64-SUCOS E REFRESCOS,24-SUCOS E REFRESCOS,1-BENS DE CONSUMO
OUTRO CALCADOS,65-CALCADOS,63-VESTUARIO ESPORTIVO,4-FASHION E ESPORTIVO
ESPUMANTE,65-FERMENTADOS,25-VINHOS E FERMENTADOS,1-BENS DE CONSUMO
OUTRO FERMENTADO,65-FERMENTADOS,25-VINHOS E FERMENTADOS,1-BENS DE CONSUMO
SAQUE,65-FERMENTADOS,25-VINHOS E FERMENTADOS,1-BENS DE CONSUMO
SIDRA,65-FERMENTADOS,25-VINHOS E FERMENTADOS,1-BENS DE CONSUMO
VINHO IMPORTADO,65-FERMENTADOS,25-VINHOS E FERMENTADOS,1-BENS DE CONSUMO
VINHO NACIONAL,65-FERMENTADOS,25-VINHOS E FERMENTADOS,1-BENS DE CONSUMO
PROTEINA VEGETAL,66-VEGETAL HIGIENIZADO E PROCESSADO,5-HORTIFRUTI (FLV),1-BENS DE CONSUMO
VEGETAL,66-VEGETAL HIGIENIZADO E PROCESSADO,5-HORTIFRUTI (FLV),1-BENS DE CONSUMO
CREME DE TRATAMENTO,67-CUIDADO CAPILAR,26-COSMETICOS,1-BENS DE CONSUMO
CREME PARA PENTEAR,67-CUIDADO CAPILAR,26-COSMETICOS,1-BENS DE CONSUMO
MODELADOR PARA CABELO,67-CUIDADO CAPILAR,26-COSMETICOS,1-BENS DE CONSUMO
OLEO DE CABELO,67-CUIDADO CAPILAR,26-COSMETICOS,1-BENS DE CONSUMO
TINTURA E DESCOLORANTE,67-CUIDADO CAPILAR,26-COSMETICOS,1-BENS DE CONSUMO
TRATAMENTO,67-CUIDADO CAPILAR,26-COSMETICOS,1-BENS DE CONSUMO
OUTRO CUIDADO COM O CORPO,68-CUIDADO COM O CORPO,26-COSMETICOS,1-BENS DE CONSUMO
BASE DE MAQUIAGEM,69-MAQUIAGEM E ESMALTERIA,26-COSMETICOS,1-BENS DE CONSUMO
ESMALTE,69-MAQUIAGEM E ESMALTERIA,26-COSMETICOS,1-BENS DE CONSUMO
ESPELHO PORTATIL,69-MAQUIAGEM E ESMALTERIA,26-COSMETICOS,1-BENS DE CONSUMO
LAPIS MAQUIAGEM,69-MAQUIAGEM E ESMALTERIA,26-COSMETICOS,1-BENS DE CONSUMO
PINCEL PARA MAQUIAGEM,69-MAQUIAGEM E ESMALTERIA,26-COSMETICOS,1-BENS DE CONSUMO
REMOVEDOR DE MAQUIAGEM,69-MAQUIAGEM E ESMALTERIA,26-COSMETICOS,1-BENS DE CONSUMO
APRESUNTADO,6-EMBUTIDOS,3-FRIOS E LATICINIOS,1-BENS DE CONSUMO
LINGUICA,6-EMBUTIDOS,3-FRIOS E LATICINIOS,1-BENS DE CONSUMO
MORTADELA,6-EMBUTIDOS,3-FRIOS E LATICINIOS,1-BENS DE CONSUMO
OUTRO EMBUTIDO,6-EMBUTIDOS,3-FRIOS E LATICINIOS,1-BENS DE CONSUMO
PEITO DE PERU,6-EMBUTIDOS,3-FRIOS E LATICINIOS,1-BENS DE CONSUMO
PRESUNTO,6-EMBUTIDOS,3-FRIOS E LATICINIOS,1-BENS DE CONSUMO
SALAME,6-EMBUTIDOS,3-FRIOS E LATICINIOS,1-BENS DE CONSUMO
SALSICHA,6-EMBUTIDOS,3-FRIOS E LATICINIOS,1-BENS DE CONSUMO
COLONIA,71-PERFUMARIA,28-PERFUMARIA,1-BENS DE CONSUMO
PERFUME,71-PERFUMARIA,28-PERFUMARIA,1-BENS DE CONSUMO
MORDEDOR,72-ACESSORIOS DE BEBE ,29-BABY CARE,1-BENS DE CONSUMO
COLONIA INFANTIL,73-HIGIENE DO BEBE,29-BABY CARE,1-BENS DE CONSUMO
CONDICIONADOR INFANTIL,73-HIGIENE DO BEBE,29-BABY CARE,1-BENS DE CONSUMO
CREME DENTAL INFANTIL,73-HIGIENE DO BEBE,29-BABY CARE,1-BENS DE CONSUMO
CREME PARA ASSADURA,73-HIGIENE DO BEBE,29-BABY CARE,1-BENS DE CONSUMO
FRALDA,73-HIGIENE DO BEBE,29-BABY CARE,1-BENS DE CONSUMO
LENCO UMEDECIDO,73-HIGIENE DO BEBE,29-BABY CARE,1-BENS DE CONSUMO
SABONETE,73-HIGIENE DO BEBE,29-BABY CARE,1-BENS DE CONSUMO
SABONETE INFANTIL,73-HIGIENE DO BEBE,29-BABY CARE,1-BENS DE CONSUMO
SHAMPOO INFANTIL,73-HIGIENE DO BEBE,29-BABY CARE,1-BENS DE CONSUMO
TALCO INFANTIL,73-HIGIENE DO BEBE,29-BABY CARE,1-BENS DE CONSUMO
GEL ANTISSEPTICO PARA MAOS,74-DIVERSOS HIGIENE E LIMPEZA,30-DIVERSOS HIGIENE E LIMPEZA,1-BENS DE CONSUMO
OUTRO,74-DIVERSOS HIGIENE E LIMPEZA,30-DIVERSOS HIGIENE E LIMPEZA,1-BENS DE CONSUMO
ABSORVENTE,75-ACESSORIOS E DESCARTAVEIS,31-HIGIENE PESSOAL,1-BENS DE CONSUMO
ALGODAO,75-ACESSORIOS E DESCARTAVEIS,31-HIGIENE PESSOAL,1-BENS DE CONSUMO
ALICATE DE UNHA,75-ACESSORIOS E DESCARTAVEIS,31-HIGIENE PESSOAL,1-BENS DE CONSUMO
CORTADOR DE UNHA,75-ACESSORIOS E DESCARTAVEIS,31-HIGIENE PESSOAL,1-BENS DE CONSUMO
ESCOVA DE BANHO,75-ACESSORIOS E DESCARTAVEIS,31-HIGIENE PESSOAL,1-BENS DE CONSUMO
ESCOVA ESPONJA PARA UNHA,75-ACESSORIOS E DESCARTAVEIS,31-HIGIENE PESSOAL,1-BENS DE CONSUMO
ESCOVA PENTE PARA CABELO,75-ACESSORIOS E DESCARTAVEIS,31-HIGIENE PESSOAL,1-BENS DE CONSUMO
ESPONJA DE BANHO,75-ACESSORIOS E DESCARTAVEIS,31-HIGIENE PESSOAL,1-BENS DE CONSUMO
FRALDA ADULTO,75-ACESSORIOS E DESCARTAVEIS,31-HIGIENE PESSOAL,1-BENS DE CONSUMO
GERIATRICO,75-ACESSORIOS E DESCARTAVEIS,31-HIGIENE PESSOAL,1-BENS DE CONSUMO
HASTE FLEXIVEL,75-ACESSORIOS E DESCARTAVEIS,31-HIGIENE PESSOAL,1-BENS DE CONSUMO
LENCO DE PAPEL,75-ACESSORIOS E DESCARTAVEIS,31-HIGIENE PESSOAL,1-BENS DE CONSUMO
LIXA,75-ACESSORIOS E DESCARTAVEIS,31-HIGIENE PESSOAL,1-BENS DE CONSUMO
PALITO PARA UNHA,75-ACESSORIOS E DESCARTAVEIS,31-HIGIENE PESSOAL,1-BENS DE CONSUMO
PAPEL HIGIENICO,75-ACESSORIOS E DESCARTAVEIS,31-HIGIENE PESSOAL,1-BENS DE CONSUMO
PINCA,75-ACESSORIOS E DESCARTAVEIS,31-HIGIENE PESSOAL,1-BENS DE CONSUMO
PRESERVATIVO,75-ACESSORIOS E DESCARTAVEIS,31-HIGIENE PESSOAL,1-BENS DE CONSUMO
REMOVEDOR DE ESMALTE,75-ACESSORIOS E DESCARTAVEIS,31-HIGIENE PESSOAL,1-BENS DE CONSUMO
ROUPA INTIMA DESCARTAVEL,75-ACESSORIOS E DESCARTAVEIS,31-HIGIENE PESSOAL,1-BENS DE CONSUMO
TOUCA PARA BANHO,75-ACESSORIOS E DESCARTAVEIS,31-HIGIENE PESSOAL,1-BENS DE CONSUMO
CREME DENTAL,76-HIGIENE BUCAL,31-HIGIENE PESSOAL,1-BENS DE CONSUMO
ENXAGUANTE,76-HIGIENE BUCAL,31-HIGIENE PESSOAL,1-BENS DE CONSUMO
ESCOVA DE DENTES,76-HIGIENE BUCAL,31-HIGIENE PESSOAL,1-BENS DE CONSUMO
FIO DENTAL,76-HIGIENE BUCAL,31-HIGIENE PESSOAL,1-BENS DE CONSUMO
FIXADOR DE DENTADURA,76-HIGIENE BUCAL,31-HIGIENE PESSOAL,1-BENS DE CONSUMO
KIT HIGIENE,76-HIGIENE BUCAL,31-HIGIENE PESSOAL,1-BENS DE CONSUMO
CONDICIONADOR,77-HIGIENE CAPILAR,31-HIGIENE PESSOAL,1-BENS DE CONSUMO
CREME PARA CABELO,77-HIGIENE CAPILAR,31-HIGIENE PESSOAL,1-BENS DE CONSUMO
FINALIZADOR LEAVE IN,77-HIGIENE CAPILAR,31-HIGIENE PESSOAL,1-BENS DE CONSUMO
KIT PARA CABELOS,77-HIGIENE CAPILAR,31-HIGIENE PESSOAL,1-BENS DE CONSUMO
SHAMPOO,77-HIGIENE CAPILAR,31-HIGIENE PESSOAL,1-BENS DE CONSUMO
APARELHO DE BARBEAR E DEPILATORIO,78-HIGIENE CORPORAL,31-HIGIENE PESSOAL,1-BENS DE CONSUMO
ESPUMA OU GEL DE BARBEAR,78-HIGIENE CORPORAL,31-HIGIENE PESSOAL,1-BENS DE CONSUMO
SABONETE,78-HIGIENE CORPORAL,31-HIGIENE PESSOAL,1-BENS DE CONSUMO
ALVEJANTE,79-LAVANDERIA,32-PRODUTOS DE LIMPEZA,1-BENS DE CONSUMO
AMACIANTE,79-LAVANDERIA,32-PRODUTOS DE LIMPEZA,1-BENS DE CONSUMO
LAVA ROUPAS,79-LAVANDERIA,32-PRODUTOS DE LIMPEZA,1-BENS DE CONSUMO
OUTRO PRODUTO DE LAVANDERIA,79-LAVANDERIA,32-PRODUTOS DE LIMPEZA,1-BENS DE CONSUMO
PASSA FACIL,79-LAVANDERIA,32-PRODUTOS DE LIMPEZA,1-BENS DE CONSUMO
SABAO EM PEDRA,79-LAVANDERIA,32-PRODUTOS DE LIMPEZA,1-BENS DE CONSUMO
COALHADA,7-LATICINIOS REFRIGERADOS,3-FRIOS E LATICINIOS,1-BENS DE CONSUMO
GORDURA VEGETAL,7-LATICINIOS REFRIGERADOS,3-FRIOS E LATICINIOS,1-BENS DE CONSUMO
IOGURTE,7-LATICINIOS REFRIGERADOS,3-FRIOS E LATICINIOS,1-BENS DE CONSUMO
LEITE FERMENTADO,7-LATICINIOS REFRIGERADOS,3-FRIOS E LATICINIOS,1-BENS DE CONSUMO
MANTEIGA,7-LATICINIOS REFRIGERADOS,3-FRIOS E LATICINIOS,1-BENS DE CONSUMO
MARGARINA,7-LATICINIOS REFRIGERADOS,3-FRIOS E LATICINIOS,1-BENS DE CONSUMO
OUTRO LATICINIO REFRIGEIRADO,7-LATICINIOS REFRIGERADOS,3-FRIOS E LATICINIOS,1-BENS DE CONSUMO
QUEIJO,7-LATICINIOS REFRIGERADOS,3-FRIOS E LATICINIOS,1-BENS DE CONSUMO
QUEIJO CREMOSO,7-LATICINIOS REFRIGERADOS,3-FRIOS E LATICINIOS,1-BENS DE CONSUMO
REQUEIJAO,7-LATICINIOS REFRIGERADOS,3-FRIOS E LATICINIOS,1-BENS DE CONSUMO
OUTROS,,7-PADARIA E CONFEITARIA,1-BENS DE CONSUMO
AGUA SANITARIA,80-LIMPEZA DOMESTICA,32-PRODUTOS DE LIMPEZA,1-BENS DE CONSUMO
ALCOOL,80-LIMPEZA DOMESTICA,32-PRODUTOS DE LIMPEZA,1-BENS DE CONSUMO
AROMATIZADOR,80-LIMPEZA DOMESTICA,32-PRODUTOS DE LIMPEZA,1-BENS DE CONSUMO
DESENGORDURANTE,80-LIMPEZA DOMESTICA,32-PRODUTOS DE LIMPEZA,1-BENS DE CONSUMO
DESINFETANTE,80-LIMPEZA DOMESTICA,32-PRODUTOS DE LIMPEZA,1-BENS DE CONSUMO
DESUMIDIFICADOR,80-LIMPEZA DOMESTICA,32-PRODUTOS DE LIMPEZA,1-BENS DE CONSUMO
DETERGENTE,80-LIMPEZA DOMESTICA,32-PRODUTOS DE LIMPEZA,1-BENS DE CONSUMO
ESCOVA DE LIMPEZA,80-LIMPEZA DOMESTICA,32-PRODUTOS DE LIMPEZA,1-BENS DE CONSUMO
ESPONJA,80-LIMPEZA DOMESTICA,32-PRODUTOS DE LIMPEZA,1-BENS DE CONSUMO
FORMICIDA,80-LIMPEZA DOMESTICA,32-PRODUTOS DE LIMPEZA,1-BENS DE CONSUMO
INSETICIDA,80-LIMPEZA DOMESTICA,32-PRODUTOS DE LIMPEZA,1-BENS DE CONSUMO
LIMPA VIDROS,80-LIMPEZA DOMESTICA,32-PRODUTOS DE LIMPEZA,1-BENS DE CONSUMO
LUSTRA MOVEIS,80-LIMPEZA DOMESTICA,32-PRODUTOS DE LIMPEZA,1-BENS DE CONSUMO
MULTIUSO,80-LIMPEZA DOMESTICA,32-PRODUTOS DE LIMPEZA,1-BENS DE CONSUMO
MULTIUSO LIMP SAN HARPIC 500MLLAV,80-LIMPEZA DOMESTICA,32-PRODUTOS DE LIMPEZA,1-BENS DE CONSUMO
NAFTALINA,80-LIMPEZA DOMESTICA,32-PRODUTOS DE LIMPEZA,1-BENS DE CONSUMO
OUTRO PRODUTO DE LIMPEZA,80-LIMPEZA DOMESTICA,32-PRODUTOS DE LIMPEZA,1-BENS DE CONSUMO
PALHA DE ACO,80-LIMPEZA DOMESTICA,32-PRODUTOS DE LIMPEZA,1-BENS DE CONSUMO
PEDRA SANITARIA,80-LIMPEZA DOMESTICA,32-PRODUTOS DE LIMPEZA,1-BENS DE CONSUMO
PRODUTO DE PISO,80-LIMPEZA DOMESTICA,32-PRODUTOS DE LIMPEZA,1-BENS DE CONSUMO
PRODUTO PARA SAPATOS,80-LIMPEZA DOMESTICA,32-PRODUTOS DE LIMPEZA,1-BENS DE CONSUMO
RATICIDA,80-LIMPEZA DOMESTICA,32-PRODUTOS DE LIMPEZA,1-BENS DE CONSUMO
REPELENTE,80-LIMPEZA DOMESTICA,32-PRODUTOS DE LIMPEZA,1-BENS DE CONSUMO
SABAO EM PASTA,80-LIMPEZA DOMESTICA,32-PRODUTOS DE LIMPEZA,1-BENS DE CONSUMO
SAPONACEO,80-LIMPEZA DOMESTICA,32-PRODUTOS DE LIMPEZA,1-BENS DE CONSUMO
BALDE,81-UTENSILIOS DE LIMPEZA E LAVANDERIA,32-PRODUTOS DE LIMPEZA,1-BENS DE CONSUMO
DESENTUPIDOR,81-UTENSILIOS DE LIMPEZA E LAVANDERIA,32-PRODUTOS DE LIMPEZA,1-BENS DE CONSUMO
LIXEIRA,81-UTENSILIOS DE LIMPEZA E LAVANDERIA,32-PRODUTOS DE LIMPEZA,1-BENS DE CONSUMO
LUVAS BORRACHA,81-UTENSILIOS DE LIMPEZA E LAVANDERIA,32-PRODUTOS DE LIMPEZA,1-BENS DE CONSUMO
PA LIXO,81-UTENSILIOS DE LIMPEZA E LAVANDERIA,32-PRODUTOS DE LIMPEZA,1-BENS DE CONSUMO
PANO PARA,81-UTENSILIOS DE LIMPEZA E LAVANDERIA,32-PRODUTOS DE LIMPEZA,1-BENS DE CONSUMO
RODO,81-UTENSILIOS DE LIMPEZA E LAVANDERIA,32-PRODUTOS DE LIMPEZA,1-BENS DE CONSUMO
SACO LIXO,81-UTENSILIOS DE LIMPEZA E LAVANDERIA,32-PRODUTOS DE LIMPEZA,1-BENS DE CONSUMO
VASSOURA,81-UTENSILIOS DE LIMPEZA E LAVANDERIA,32-PRODUTOS DE LIMPEZA,1-BENS DE CONSUMO
BRINQUEDO,82-ACESSORIOS PET,33-PET CARE,1-BENS DE CONSUMO
COMEDOURO,82-ACESSORIOS PET,33-PET CARE,1-BENS DE CONSUMO
COSMETICO,83-HIGIENE PET,33-PET CARE,1-BENS DE CONSUMO
FORRAGEM,83-HIGIENE PET,33-PET CARE,1-BENS DE CONSUMO
GRANULAR HIGIENICO,83-HIGIENE PET,33-PET CARE,1-BENS DE CONSUMO
SHAMPOO,83-HIGIENE PET,33-PET CARE,1-BENS DE CONSUMO
TAPETE HIGIENICO,83-HIGIENE PET ,33-PET CARE,1-BENS DE CONSUMO
OUTROS,86-RACOES E PETISCOS ALIMENTO,34-PET FOOD,1-BENS DE CONSUMO
PET,86-RACOES E PETISCOS ALIMENTO,34-PET FOOD,1-BENS DE CONSUMO
OUTROS,87-DIVERSOS PET SHOP,35-PET SHOP,1-BENS DE CONSUMO
CHURRASQUEIRA,88-AREA GOURMET,36-AREA DE LAZER,2-CASA E CONSTRUCAO
OUTROS,89-PISCINAS ,36-AREA DE LAZER,2-CASA E CONSTRUCAO
ACESSORIO DE PISCINA,89-PISCINAS ,36-AREA DE LAZER,2-CASA E CONSTRUCAO
BOIA,89-PISCINAS ,36-AREA DE LAZER,2-CASA E CONSTRUCAO
EQUIPAMENTO DE LIMPEZA,89-PISCINAS ,36-AREA DE LAZER,2-CASA E CONSTRUCAO
FILTRO DE PISCINA,89-PISCINAS ,36-AREA DE LAZER,2-CASA E CONSTRUCAO
PISCINA,89-PISCINAS ,36-AREA DE LAZER,2-CASA E CONSTRUCAO
PRODUTOS DE LIMPEZA,89-PISCINAS ,36-AREA DE LAZER,2-CASA E CONSTRUCAO
ADOCANTE,8-FUNCIONAIS E RESTRITIVOS ,4-FUNCIONAIS E RESTRITIVOS,1-BENS DE CONSUMO
BARRA ALIMENTAR,8-FUNCIONAIS E RESTRITIVOS ,4-FUNCIONAIS E RESTRITIVOS,1-BENS DE CONSUMO
COMPLEMENTO ALIMENTAR,8-FUNCIONAIS E RESTRITIVOS ,4-FUNCIONAIS E RESTRITIVOS,1-BENS DE CONSUMO
DEMAIS FUNCIONAIS,8-FUNCIONAIS E RESTRITIVOS ,4-FUNCIONAIS E RESTRITIVOS,1-BENS DE CONSUMO
FARINHA DE LINHACA,8-FUNCIONAIS E RESTRITIVOS ,4-FUNCIONAIS E RESTRITIVOS,1-BENS DE CONSUMO
SEMENTES,8-FUNCIONAIS E RESTRITIVOS ,4-FUNCIONAIS E RESTRITIVOS,1-BENS DE CONSUMO
SUPLEMENTO ALIMENTAR,8-FUNCIONAIS E RESTRITIVOS ,4-FUNCIONAIS E RESTRITIVOS,1-BENS DE CONSUMO
OUTROS,,8-PREPARADOS E CONGELADOS,1-BENS DE CONSUMO
ESPELHO DECORATIVO,92-OBJETOS DECORATIVOS,37-ARTIGOS DE DECORACAO,2-CASA E CONSTRUCAO
QUADRO,92-OBJETOS DECORATIVOS,37-ARTIGOS DE DECORACAO,2-CASA E CONSTRUCAO
TAPETE BOX,93-BANHO TAPETE BOX,38-CAMA MESA E BANHO,2-CASA E CONSTRUCAO
TOALHA,93-BANHO TOALHA,38-CAMA MESA E BANHO,2-CASA E CONSTRUCAO
TOALHA BANHO,93-BANHO TOALHA BANHO,38-CAMA MESA E BANHO,2-CASA E CONSTRUCAO
ALMOFADA,94-CAMA ALMOFADA,38-CAMA MESA E BANHO,2-CASA E CONSTRUCAO
CAPA DE TECIDO,94-CAMA CAPA DE TECIDO,38-CAMA MESA E BANHO,2-CASA E CONSTRUCAO
COBERTOR,94-CAMA COBERTOR,38-CAMA MESA E BANHO,2-CASA E CONSTRUCAO
COLCHA,94-CAMA COLCHA,38-CAMA MESA E BANHO,2-CASA E CONSTRUCAO
FRONHA,94-CAMA FRONHA,38-CAMA MESA E BANHO,2-CASA E CONSTRUCAO
LENCOL,94-CAMA LENCOL,38-CAMA MESA E BANHO,2-CASA E CONSTRUCAO
LENCOL,94-CAMA LENCOL C,38-CAMA MESA E BANHO,2-CASA E CONSTRUCAO
MANTA,94-CAMA MANTA,38-CAMA MESA E BANHO,2-CASA E CONSTRUCAO
PROTETOR DE COLCHAO,94-CAMA PROTETOR DE COLCHAO,38-CAMA MESA E BANHO,2-CASA E CONSTRUCAO
PROTETOR DE TRAVESSEIRO,94-CAMA PROTETOR DE TRAVESSEIRO,38-CAMA MESA E BANHO,2-CASA E CONSTRUCAO
TRAVESSEIRO,94-CAMA TRAVESSEIRO,38-CAMA MESA E BANHO,2-CASA E CONSTRUCAO
 JOGO AMERICANO,95-MESA JOGO AMERICANO,38-CAMA MESA E BANHO,2-CASA E CONSTRUCAO
TOALHA DE MESA,95-MESA TOALHA DE MESA,38-CAMA MESA E BANHO,2-CASA E CONSTRUCAO
OUTRO,96-DIVERSOS DECORACAO E JARDIM,39-DIVERSOS DECORACAO E JARDIM,2-CASA E CONSTRUCAO
PLANTAS SEMENTES,96-DIVERSOS DECORACAO E JARDIM,39-DIVERSOS DECORACAO E JARDIM,2-CASA E CONSTRUCAO
VASO PARA PLANTAS,96-DIVERSOS DECORACAO E JARDIM,39-DIVERSOS DECORACAO E JARDIM,2-CASA E CONSTRUCAO
LAMPADA,97-LAMPADAS E LUMINARIAS,40-ILUMINACAO,2-CASA E CONSTRUCAO
LUMINARIA,97-LAMPADAS E LUMINARIAS,40-ILUMINACAO,2-CASA E CONSTRUCAO
CORTINA,98-CORTINAS E PERSIANAS CORTINA,41-TAPETES E CORTINAS,2-CASA E CONSTRUCAO
CAPACHO,99-TAPETES E CAPACHOS,41-TAPETES E CORTINAS,2-CASA E CONSTRUCAO
TAPETE,99-TAPETES E CAPACHOS,41-TAPETES E CORTINAS,2-CASA E CONSTRUCAO
OUTRA FRUTA,9-FRUTAS,5-HORTIFRUTI (FLV),1-BENS DE CONSUMO
ABACATE,9-FRUTAS,5-HORTIFRUTI (FLV),1-BENS DE CONSUMO
ABACAXI,9-FRUTAS,5-HORTIFRUTI (FLV),1-BENS DE CONSUMO
AMEIXA,9-FRUTAS,5-HORTIFRUTI (FLV),1-BENS DE CONSUMO
AMORA,9-FRUTAS,5-HORTIFRUTI (FLV),1-BENS DE CONSUMO
BANANA,9-FRUTAS,5-HORTIFRUTI (FLV),1-BENS DE CONSUMO
CAQUI,9-FRUTAS,5-HORTIFRUTI (FLV),1-BENS DE CONSUMO
COCO SECO,9-FRUTAS,5-HORTIFRUTI (FLV),1-BENS DE CONSUMO
COCO VERDE,9-FRUTAS,5-HORTIFRUTI (FLV),1-BENS DE CONSUMO
GOIABA,9-FRUTAS,5-HORTIFRUTI (FLV),1-BENS DE CONSUMO
GRAVIOLA,9-FRUTAS,5-HORTIFRUTI (FLV),1-BENS DE CONSUMO
KIWI,9-FRUTAS,5-HORTIFRUTI (FLV),1-BENS DE CONSUMO
LARANJA,9-FRUTAS,5-HORTIFRUTI (FLV),1-BENS DE CONSUMO
LIMAO,9-FRUTAS,5-HORTIFRUTI (FLV),1-BENS DE CONSUMO
MACA,9-FRUTAS,5-HORTIFRUTI (FLV),1-BENS DE CONSUMO
MAMAO,9-FRUTAS,5-HORTIFRUTI (FLV),1-BENS DE CONSUMO
MANGA,9-FRUTAS,5-HORTIFRUTI (FLV),1-BENS DE CONSUMO
MARACUJA,9-FRUTAS,5-HORTIFRUTI (FLV),1-BENS DE CONSUMO
MELANCIA,9-FRUTAS,5-HORTIFRUTI (FLV),1-BENS DE CONSUMO
MELAO,9-FRUTAS,5-HORTIFRUTI (FLV),1-BENS DE CONSUMO
MEXERICA,9-FRUTAS,5-HORTIFRUTI (FLV),1-BENS DE CONSUMO
MORANGO,9-FRUTAS,5-HORTIFRUTI (FLV),1-BENS DE CONSUMO
NECTARINA,9-FRUTAS,5-HORTIFRUTI (FLV),1-BENS DE CONSUMO
PERA,9-FRUTAS,5-HORTIFRUTI (FLV),1-BENS DE CONSUMO
PESSEGO,9-FRUTAS,5-HORTIFRUTI (FLV),1-BENS DE CONSUMO
PINHAO,9-FRUTAS,5-HORTIFRUTI (FLV),1-BENS DE CONSUMO
ROMA,9-FRUTAS,5-HORTIFRUTI (FLV),1-BENS DE CONSUMO
SECAS,9-FRUTAS,5-HORTIFRUTI (FLV),1-BENS DE CONSUMO
TANGERINA,9-FRUTAS,5-HORTIFRUTI (FLV),1-BENS DE CONSUMO
TOMATE,9-FRUTAS,5-HORTIFRUTI (FLV),1-BENS DE CONSUMO
UVA,9-FRUTAS,5-HORTIFRUTI (FLV),1-BENS DE CONSUMO
